"Bruce272465","Bruce Watson","27","male","-23.39418538","-11.82765704"
"Johnny511910","Johnny Gray","51","male","-55.3697516","-110.48790269"
"Ronald582488","Ronald Foster","58","male","-18.87467227","-92.9440972"
"Gregory237438","Gregory Washington","23","male","-2.04927095","163.95802963"
"Timothy501391","Timothy Hall","50","male","41.03735807","-116.04767836"
"Keith215926","Keith Cooper","21","male","17.77765698","-42.17438893"
"Henry437146","Henry Green","43","male","-7.37166085","-87.71721426"
"Willie463407","Willie Cook","46","male","81.39150775","-125.65453742"
"Albert594444","Albert Bryant","59","male","22.47255133","26.88471277"
"Phillip571777","Phillip Harris","57","male","84.49680088","-18.82029979"
"Ryan286139","Ryan James","28","male","-25.03793301","149.39279369"
"Victor534029","Victor Sanders","53","male","58.95121493","176.68199658"
"Adam396941","Adam Rivera","39","male","71.31890088","-53.66261227"
"Michael307912","Michael Rogers","30","male","48.26151304","-38.49391579"
"Frank384071","Frank Simmons","38","male","70.16582443","-138.08521588"
"Matthew327205","Matthew Rodriguez","32","male","-30.04322892","-13.57965128"
"Robert359666","Robert Baker","35","male","3.80185141","125.48824063"
"Raymond498577","Raymond Lopez","49","male","24.2665295","-39.323966"
"William296583","William Wilson","29","male","44.09661605","22.36291087"
"Eugene185998","Eugene Bailey","18","male","26.60658434","-67.19734327"
"Brian195241","Brian Bell","19","male","21.79802482","46.59399786"
"Douglas365879","Douglas Perez","36","male","35.0968175","68.56210693"
"Justin448401","Justin Taylor","44","male","-42.52475055","-160.23220759"
"Howard453213","Howard Roberts","45","male","26.91873324","51.26579118"
"Sean478171","Sean Jenkins","47","male","42.55752866","-29.92556181"
"John543629","John Hill","54","male","-26.19970159","12.62341625"
"Gerald263297","Gerald Ward","26","male","-48.54126269","-123.98003326"
"Louis408081","Louis Butler","40","male","-7.28858517","179.73365979"
"Carlos243512","Carlos Wright","24","male","-0.20322693","-42.65840739"
"Joseph317413","Joseph Mitchell","31","male","-61.96404247","-17.41108078"
"Harry176981","Harry Robinson","17","male","40.3330839","40.06459885"
"Earl521745","Earl Long","52","male","46.16306108","75.50589901"
"Harold603098","Harold Powell","60","male","11.13413315","-79.47342445"
"Jimmy375890","Jimmy Evans","37","male","18.28669164","45.06222007"
"Nicholas253005","Nicholas Thomas","25","male","8.68853599","35.06430623"
"Donald415024","Donald Lee","41","male","-34.00925597","4.88023328"
"Eric482512","Eric King","48","male","70.37399992","136.76992821"
"Terry552350","Terry Lewis","55","male","68.15544576","-120.63931715"
"Alan228067","Alan Moore","22","male","5.54705941","17.71748343"
"Roger341596","Roger Allen","34","male","6.9909865","127.81834099"
"Samuel561187","Samuel Barnes","56","male","-2.78560581","-3.08685385"
"Brandon169288","Brandon Perry","16","male","65.45380313","30.66915086"
"Kevin421810","Kevin Carter","42","male","56.61402686","-83.79082538"
"David335201","David Russell","33","male","30.41390959","26.22154714"
"Paul208526","Paul Howard","20","male","-55.04473119","-96.61959933"
"Clarence159868","Clarence Griffin","15","male","67.46512898","123.99560279"
"Jack545341","Jack Turner","54","male","-64.41996187","87.24960571"
"Walter402479","Walter Smith","40","male","-2.47382631","-157.59701914"
"Kenneth359664","Kenneth Thompson","35","male","-64.9349588","-114.09776932"
"Anthony265716","Anthony Bennett","26","male","66.15141276","-85.32368055"
"George278697","George Hernandez","27","male","25.67322823","162.07855587"
"Charles386244","Charles Alexander","38","male","35.02703651","-157.71731598"
"Daniel213693","Daniel Martinez","21","male","-10.53590695","-9.81152636"
"Jeffrey293838","Jeffrey Miller","29","male","32.63652619","108.80658401"
"Chris316858","Chris Scott","31","male","-19.38552938","173.7056211"
"Andrew249656","Andrew Martin","24","male","-79.04105029","59.80310385"
"Joshua397247","Joshua Patterson","39","male","-54.56518912","47.32282347"
"Martin592382","Martin Brown","59","male","67.17051518","103.17577414"
"Carl537145","Carl Collins","53","male","-63.17494116","71.20079118"
"Bobby184802","Bobby Price","18","male","-36.97578782","25.62164941"
"Randy344173","Randy Nelson","34","male","-34.64220226","121.66547044"
"James373899","James Coleman","37","male","-57.74203146","92.40492026"
"Lawrence586356","Lawrence Jackson","58","male","4.74209334","81.2572001"
"Philip435402","Philip Morris","43","male","-38.26169448","133.27012222"
"Russell451666","Russell Ross","45","male","24.69851297","18.3380801"
"Jason118066","Jason Walker","11","male","-32.17670032","103.64218889"
"Thomas307204","Thomas Parker","30","male","-4.36005152","-78.14137963"
"Gary205753","Gary Gonzales","20","male","-52.30876225","16.55102024"
"Craig557766","Craig Johnson","55","male","28.56730082","0.81653195"
"Shawn445236","Shawn Phillips","44","male","42.98588371","64.47536139"
"Christopher143873","Christopher Kelly","14","male","-11.55268032","-110.55078486"
"Jeremy337339","Jeremy Adams","33","male","50.37854281","166.16077175"
"Jesse328668","Jesse Morgan","32","male","22.23257676","-176.68033512"
"Mark421354","Mark Edwards","42","male","38.30765858","42.41695678"
"Peter561677","Peter Young","56","male","-13.70642788","-125.60701693"
"Juan518814","Juan Stewart","51","male","-11.10362021","91.28463112"
"Richard416502","Richard Brooks","41","male","-26.64949835","146.96219335"
"Roy222766","Roy Peterson","22","male","37.84089298","84.79425801"
"Ernest505955","Ernest Wood","50","male","-13.41109424","-116.25283852"
"Joe123592","Joe Williams","12","male","-3.40405718","-9.56773302"
"Steve253115","Steve Clark","25","male","-17.64640772","-15.40473248"
"Patrick131231","Patrick Garcia","13","male","16.52643255","-58.67041605"
"Dennis606565","Dennis Gonzalez","60","male","-9.82763985","-75.06210857"
"Benjamin239067","Benjamin Richardson","23","male","-15.29643264","108.55904066"
"Jonathan363535","Jonathan Ramirez","36","male","49.35399627","117.00040253"
"Steven168730","Steven Davis","16","male","28.12981266","-106.49687323"
"Larry467869","Larry Henderson","46","male","11.83079862","-121.8401408"
"Jerry497121","Jerry Torres","49","male","-33.49679644","-34.28581694"
"Billy529190","Billy Reed","52","male","-2.03493581","-102.07155753"
"Stephen175611","Stephen Campbell","17","male","3.15478537","-55.17696139"
"Fred578076","Fred Hughes","57","male","27.99535875","59.25178593"
"Wayne476816","Wayne Sanchez","47","male","7.08724047","129.15037657"
"Scott196496","Scott Flores","19","male","-28.71374153","-131.12838225"
"Ralph152118","Ralph Murphy","15","male","-6.76168541","4.80390264"
"Aaron105931","Aaron White","10","male","9.58469832","2.36689448"
"Edward286144","Edward Cox","28","male","2.11793904","-24.13170109"
"Arthur482818","Arthur Jones","48","male","-24.26635847","-166.34246457"
"Todd275446","Todd Anderson","27","male","38.23084774","-175.04196099"
"Jose518576","Jose Diaz","51","male","19.30818015","-134.13473849"
"Charles588877","Charles Thomas","58","male","53.01389917","-132.36629689"
"Ryan236377","Ryan Lewis","23","male","-4.06649074","20.07847544"
"Nicholas509580","Nicholas Long","50","male","-23.23575463","133.74531142"
"Shawn218093","Shawn Scott","21","male","30.49113234","-19.10346745"
"Bobby433709","Bobby Collins","43","male","25.28504369","101.59113705"
"Brian461642","Brian James","46","male","-27.83354875","109.90138713"
"Frank595546","Frank Lopez","59","male","21.74830144","-107.69448017"
"Louis574745","Louis Peterson","57","male","-13.76487016","-71.76519385"
"Samuel283154","Samuel Bell","28","male","55.91683983","-106.15764153"
"Peter531684","Peter Baker","53","male","-74.13093451","9.37394988"
"Phillip394867","Phillip Reed","39","male","-30.52762585","-61.08701932"
"Juan302505","Juan Allen","30","male","15.3352333","35.03020712"
"Gerald381202","Gerald Flores","38","male","-34.20622124","25.28920303"
"Steve329600","Steve Mitchell","32","male","63.82746496","-118.94160027"
"Patrick359335","Patrick Ross","35","male","-71.17925323","29.70884352"
"Chris497210","Chris Watson","49","male","-73.08037644","-23.873351"
"Eric292073","Eric Parker","29","male","-16.21130864","106.08162109"
"Wayne183842","Wayne Bailey","18","male","-3.83712911","74.31746914"
"Jonathan194291","Jonathan Martinez","19","male","-11.19927832","93.77101553"
"Jack366313","Jack Wilson","36","male","-20.00418639","84.12532654"
"Joseph442102","Joseph Gray","44","male","-20.17987828","52.35611734"
"Timothy454614","Timothy Ward","45","male","16.97671872","77.91751189"
"Justin479363","Justin Kelly","47","male","20.20537619","-150.29881804"
"Scott549458","Scott Bryant","54","male","-4.5210279","157.79893318"
"Andrew268782","Andrew Turner","26","male","11.31857276","15.69631513"
"William404776","William Jackson","40","male","-25.61703005","30.34003385"
"Howard248185","Howard Patterson","24","male","-22.47570856","-158.31681964"
"Richard315763","Richard Coleman","31","male","20.39343762","128.80693348"
"Craig177004","Craig Morgan","17","male","-58.9971805","-154.72870021"
"Aaron527677","Aaron White","52","male","-22.97595986","-35.65984654"
"Robert608452","Robert King","60","male","-56.54724069","50.8443751"
"Earl372256","Earl Barnes","37","male","20.12577506","132.16128635"
"Clarence254232","Clarence Rivera","25","male","1.76959752","-58.12898591"
"Jimmy417098","Jimmy Hughes","41","male","33.02482903","118.01804043"
"Mark484103","Mark Hernandez","48","male","-23.8416885","142.23838104"
"Gary552247","Gary Robinson","55","male","11.08172016","-87.85493907"
"Ralph227612","Ralph Cooper","22","male","27.34377188","-47.55476402"
"Dennis343052","Dennis Miller","34","male","1.11092225","-120.13694259"
"Larry568732","Larry Washington","56","male","-52.56453863","43.72438245"
"Jason164500","Jason Walker","16","male","38.0674203","32.87020967"
"Joe429754","Joe Sanders","42","male","-38.06695792","-122.46390516"
"Paul334732","Paul Hill","33","male","28.50250046","149.64969135"
"Christopher204310","Christopher Perez","20","male","16.70408192","157.72262584"
"Raymond156446","Raymond Martin","15","male","-42.169498","-127.71319473"
"Bruce544673","Bruce Griffin","54","male","27.49226797","20.78458161"
"James408845","James Jones","40","male","-32.41365931","21.68474532"
"Douglas354902","Douglas Murphy","35","male","-40.49115157","125.08417454"
"Billy264693","Billy Phillips","26","male","-26.61477201","121.43508548"
"Albert274700","Albert Lee","27","male","18.14797583","49.79825042"
"Ernest389022","Ernest Alexander","38","male","-4.36872795","73.70761186"
"Roy213842","Roy Cox","21","male","26.88015092","-91.33661576"
"Adam292533","Adam Brooks","29","male","-63.98437719","-39.05215089"
"Terry313730","Terry Cook","31","male","52.88645603","71.83031132"
"John245067","John Rodriguez","24","male","78.08080291","-103.74989646"
"Donald394360","Donald Henderson","39","male","-47.70198278","146.59261702"
"Kenneth595311","Kenneth Young","59","male","-74.50822365","160.4241204"
"Victor534430","Victor Clark","53","male","-15.78680413","-98.6622445"
"Alan184907","Alan Taylor","18","male","-21.07589627","-139.98983255"
"Sean343002","Sean Stewart","34","male","-1.54475754","121.76355854"
"Brandon379234","Brandon Edwards","37","male","-3.58034067","-22.66375691"
"Benjamin584546","Benjamin Powell","58","male","-79.67036432","-48.03146478"
"Gregory433375","Gregory Evans","43","male","41.35719871","-56.65191137"
"George454217","George Price","45","male","-48.80345631","-83.42260824"
"Jeffrey118940","Jeffrey Simmons","11","male","-74.77178593","162.69264135"
"Roger305569","Roger Brown","30","male","-32.76767502","-130.33612692"
"Henry201935","Henry Moore","20","male","32.05029956","25.81514959"
"Jerry557472","Jerry Wright","55","male","-36.78081892","12.67435499"
"Carlos443115","Carlos Thompson","44","male","-53.03565781","-102.61961321"
"Kevin147601","Kevin Davis","14","male","33.35310388","-154.695706"
"Willie331965","Willie Rogers","33","male","23.84800504","17.93359689"
"Joshua325353","Joshua Perry","32","male","74.16561688","-27.82066994"
"Anthony425664","Anthony Hall","42","male","-4.34594188","145.85338538"
"Edward567034","Edward Sanchez","56","male","26.62589283","-121.34938601"
"Johnny511805","Johnny Johnson","51","male","42.0617361","40.45186582"
"Fred419003","Fred Ramirez","41","male","57.44723872","-141.70939445"
"Arthur227008","Arthur Campbell","22","male","6.23539049","-42.74214009"
"Thomas508887","Thomas Carter","50","male","8.06520968","16.22534012"
"Jose122373","Jose Torres","12","male","-13.32402295","-154.25446181"
"David252567","David Foster","25","male","8.7630728","92.21319712"
"Russell135429","Russell Morris","13","male","-28.62817547","-37.6633998"
"Michael606179","Michael Howard","60","male","-1.50984254","148.46784913"
"Randy233577","Randy Bennett","23","male","45.54495481","-154.88674698"
"Lawrence365399","Lawrence Butler","36","male","41.95626832","1.06778235"
"Todd168697","Todd Green","16","male","-2.06455253","167.86801658"
"Martin461933","Martin Russell","46","male","19.58474141","-43.11307537"
"Walter495598","Walter Garcia","49","male","79.85186087","-36.86590849"
"Harry529921","Harry Gonzalez","52","male","15.96995483","-21.45505031"
"Keith174652","Keith Nelson","17","male","31.59966496","134.8039666"
"Steven577374","Steven Adams","57","male","-32.70528004","160.45900028"
"Jeremy472308","Jeremy Gonzales","47","male","-16.63528564","52.16414126"
"Eugene199185","Eugene Smith","19","male","68.66836746","-11.042876"
"Matthew151613","Matthew Harris","15","male","15.64671478","74.7661975"
"Stephen104664","Stephen Jenkins","10","male","60.14941021","-100.13377141"
"Harold284590","Harold Roberts","28","male","49.61529462","-22.05413608"
"Jesse483900","Jesse Wood","48","male","13.21540221","-41.06942381"
"Ronald279626","Ronald Williams","27","male","-16.67334704","-54.94513569"
"Daniel513239","Daniel Anderson","51","male","-4.75028665","174.7461968"
"Carl584620","Carl Richardson","58","male","47.503797","-82.93921995"
"Philip233632","Philip Diaz","23","male","-57.61469394","-27.98454165"
"Craig501310","Craig Edwards","50","male","-6.64107197","-67.25691904"
"Carlos216103","Carlos Reed","21","male","62.67492314","-70.81611208"
"John437745","John Perry","43","male","10.8995335","-174.34346192"
"Victor461680","Victor Howard","46","male","20.41785347","7.88117994"
"Aaron596935","Aaron Russell","59","male","-49.03769641","124.39290701"
"Randy576930","Randy Lopez","57","male","34.51900874","13.76748822"
"Ryan286068","Ryan Jenkins","28","male","-19.3255441","1.28388079"
"Jeremy537366","Jeremy Harris","53","male","25.41709263","10.89592709"
"Jesse392255","Jesse Davis","39","male","-29.16138896","135.23156014"
"Roy309938","Roy Campbell","30","male","0.92319287","-4.24558308"
"Louis385199","Louis Adams","38","male","-20.71885744","-75.48984365"
"Ernest325942","Ernest Ward","32","male","-7.32525156","39.96698078"
"Howard354735","Howard Foster","35","male","-3.05875851","127.71632752"
"Paul497803","Paul Wright","49","male","38.54293914","-93.09000031"
"Eric298173","Eric Coleman","29","male","40.84403733","161.79295779"
"Kevin187020","Kevin Thomas","18","male","-25.73301285","-127.95428468"
"William194579","William Roberts","19","male","-6.53272228","-178.62229215"
"Edward367403","Edward Morgan","36","male","-11.30109877","-114.07525047"
"Bobby445986","Bobby Watson","44","male","-27.53093348","55.12165871"
"Shawn455678","Shawn Rodriguez","45","male","14.23883569","-20.23652197"
"Stephen478099","Stephen Perez","47","male","28.357707","82.7228044"
"Gregory547796","Gregory Gonzalez","54","male","51.72595328","-13.0764471"
"Joseph261201","Joseph Jones","26","male","27.1508067","121.78697391"
"Harry407231","Harry Allen","40","male","10.46535164","84.89204063"
"Joshua248080","Joshua Turner","24","male","39.48244704","-146.40622829"
"Willie314456","Willie Martinez","31","male","13.97714423","121.42843887"
"Steven174347","Steven Flores","17","male","45.65936869","85.30149716"
"Anthony522969","Anthony Cooper","52","male","-21.64703603","-160.8583435"
"Brandon602610","Brandon Gray","60","male","64.67314812","-51.30451217"
"Fred372224","Fred White","37","male","48.47378986","-131.53892383"
"Lawrence258036","Lawrence Long","25","male","-13.80792236","101.28020937"
"Justin418681","Justin Robinson","41","male","-43.74166652","109.57903063"
"Philip483986","Philip Moore","48","male","-73.44373538","-61.44344626"
"Michael552740","Michael James","55","male","-31.33192975","86.90169635"
"Peter222460","Peter Brown","22","male","51.50419549","-138.15917413"
"Gerald343556","Gerald Collins","34","male","53.15168177","67.72224939"
"Timothy562053","Timothy Torres","56","male","-35.12711601","-146.37069748"
"Juan166360","Juan Hernandez","16","male","-18.73526683","51.00155064"
"Gary428802","Gary Sanchez","42","male","30.0037108","177.31951374"
"Billy337407","Billy Butler","33","male","39.55781487","38.17908911"
"Kenneth205324","Kenneth Ross","20","male","-2.74846446","-77.6226789"
"Frank157585","Frank Diaz","15","male","-9.20871485","74.47841425"
"Walter542102","Walter Washington","54","male","-12.96155956","-1.6946267"
"James408185","James Bell","40","male","-59.80200312","-115.85172659"
"Ronald353866","Ronald Lewis","35","male","4.83198688","112.12650915"
"Steve263706","Steve Nelson","26","male","36.23558973","150.8626074"
"Clarence276078","Clarence Miller","27","male","-17.20205754","-18.69820653"
"Albert386448","Albert Cook","38","male","35.14198131","175.51866954"
"Eugene213284","Eugene Peterson","21","male","42.720678","-37.25624008"
"Dennis291046","Dennis Richardson","29","male","18.657691","53.76303148"
"Scott311655","Scott Baker","31","male","26.43446971","-145.73873412"
"Terry249736","Terry Griffin","24","male","-21.06990498","43.49884499"
"Jack396769","Jack Bryant","39","male","-15.21103288","91.29319491"
"Matthew599158","Matthew Phillips","59","male","12.77556484","-122.88721983"
"Keith537793","Keith Sanders","53","male","-46.04204196","53.74098074"
"Jeffrey184209","Jeffrey Smith","18","male","-49.50346525","119.53307431"
"Chris345940","Chris Gonzales","34","male","-0.57803713","-134.00118867"
"Samuel379596","Samuel Carter","37","male","28.42390197","-4.09718052"
"Douglas581251","Douglas Garcia","58","male","22.82817","-74.11328635"
"Roger436435","Roger Mitchell","43","male","-35.81925767","-115.91574507"
"Phillip454631","Phillip Lee","45","male","-32.93545342","148.94426031"
"Mark119090","Mark Murphy","11","male","28.60412607","-108.87185744"
"Ralph307811","Ralph Kelly","30","male","12.19577406","-148.62532318"
"Raymond204189","Raymond Martin","20","male","27.78050703","11.96099315"
"Adam551138","Adam Simmons","55","male","33.53316902","96.59677867"
"Russell441123","Russell Hall","44","male","-6.17702793","-88.80211347"
"Martin144613","Martin Green","14","male","-25.55601829","135.94798688"
"Andrew332065","Andrew Anderson","33","male","39.55556651","-176.47792272"
"Bruce327168","Bruce Wood","32","male","-30.9090084","152.70593885"
"Jerry426438","Jerry Barnes","42","male","32.24725084","11.08001305"
"Jimmy561079","Jimmy Stewart","56","male","0.08701124","152.96836979"
"Daniel517228","Daniel Walker","51","male","-18.94760783","-79.77602788"
"David413270","David Cox","41","male","-53.60077967","-24.66252211"
"Thomas223977","Thomas Johnson","22","male","23.23566306","-157.27608204"
"Henry506050","Henry Taylor","50","male","-16.22119532","106.90178246"
"Johnny127080","Johnny Scott","12","male","-59.74199431","-169.81330258"
"Patrick258742","Patrick Bailey","25","male","44.84800388","58.21576317"
"Christopher132952","Christopher Jackson","13","male","-51.99462431","110.14758786"
"Jonathan605246","Jonathan Patterson","60","male","-11.31654967","-107.91990928"
"Harold237158","Harold Morris","23","male","-54.22427485","-5.02244828"
"Sean368184","Sean Ramirez","36","male","14.85292126","93.92365634"
"Donald163572","Donald Clark","16","male","-71.89263944","37.94540658"
"Todd465424","Todd Brooks","46","male","-6.58430034","-115.30425953"
"Jason493915","Jason Parker","49","male","-53.35213237","87.60959231"
"Larry528081","Larry King","52","male","21.11639671","84.43508051"
"Jose179505","Jose Henderson","17","male","53.43446394","61.81491014"
"Carl577253","Carl Williams","57","male","40.71881604","136.3330528"
"Nicholas473312","Nicholas Powell","47","male","43.52730374","37.70876778"
"Charles192190","Charles Bennett","19","male","83.4015801","-41.9056567"
"Joe159389","Joe Rogers","15","male","29.06707994","-11.45116921"
"Alan108331","Alan Rivera","10","male","-71.38735325","-176.39320352"
"Wayne287874","Wayne Hughes","28","male","-19.11007411","-170.87894301"
"Arthur483758","Arthur Thompson","48","male","-11.84035737","15.53571898"
"Robert279936","Robert Price","27","male","-1.56757563","-44.20535825"
"George517442","George Evans","51","male","18.34232635","-131.27336475"
"Earl584335","Earl Wilson","58","male","15.18879728","-23.20916339"
"Richard232188","Richard Alexander","23","male","13.73643546","-115.81342607"
"Benjamin504262","Benjamin Young","50","male","-74.34460001","-87.16002651"
"Brian216931","Brian Hill","21","male","-32.27914273","-42.42866914"
"Stephen438976","Stephen Griffin","43","male","-15.51823697","53.25844031"
"Craig465993","Craig Bell","46","male","-34.47020298","-99.82817095"
"Sean593859","Sean Gray","59","male","-37.90342629","78.24374821"
"Ernest572332","Ernest Roberts","57","male","17.38111125","-44.29063316"
"Jerry284726","Jerry Anderson","28","male","49.54465221","142.59995449"
"Ralph538369","Ralph James","53","male","7.63860501","-116.43454077"
"Douglas397382","Douglas Moore","39","male","-0.40089365","-71.73354127"
"Willie301609","Willie Barnes","30","male","-6.62680655","4.06966297"
"Steve387184","Steve Diaz","38","male","76.24879254","78.09684387"
"Frank321447","Frank Rodriguez","32","male","-46.5343314","158.0495961"
"Thomas357042","Thomas Rogers","35","male","10.09125527","81.15237861"
"Brian491793","Brian Bennett","49","male","38.92140396","61.95512965"
"John291621","John Garcia","29","male","-62.66193791","119.29845666"
"Harold183938","Harold Gonzales","18","male","54.65722878","153.26907349"
"Kenneth198033","Kenneth Martin","19","male","46.30316537","-157.52455513"
"Martin361130","Martin Jenkins","36","male","-9.50679109","69.13260828"
"Paul443876","Paul Hall","44","male","73.80381593","53.85976371"
"Ronald457008","Ronald Butler","45","male","-49.02827766","115.62203172"
"Philip475789","Philip Coleman","47","male","-32.14364694","119.17464687"
"Peter549088","Peter Ramirez","54","male","-37.04063734","108.53484281"
"Terry266703","Terry Wilson","26","male","-17.29544781","33.45057019"
"Jesse403778","Jesse Lopez","40","male","30.91010547","32.01706762"
"Victor246002","Victor Ward","24","male","-51.35438167","-126.22265815"
"Adam314560","Adam Hill","31","male","17.95646893","13.93036596"
"Larry177354","Larry Perry","17","male","-42.53328553","-169.55969926"
"Patrick522351","Patrick Evans","52","male","3.46214679","131.07685576"
"Scott608175","Scott Morris","60","male","63.21524107","124.62878743"
"Ryan374329","Ryan Bryant","37","male","-5.15127527","13.53492519"
"Juan251817","Juan Wood","25","male","54.49409411","108.94795279"
"Arthur418002","Arthur Cooper","41","male","60.66857756","143.69547708"
"Jack485974","Jack Cook","48","male","60.29359613","-145.73352183"
"Eugene555804","Eugene Thomas","55","male","-19.7802285","-114.72979059"
"Jimmy227993","Jimmy Lewis","22","male","-50.84763945","-18.93449634"
"Richard343382","Richard Washington","34","male","-4.8296818","-123.48051608"
"Joe562402","Joe Morgan","56","male","43.44041249","-8.32061232"
"Gerald162046","Gerald Davis","16","male","-7.93880728","14.02133352"
"Gregory428003","Gregory Howard","42","male","8.49607449","74.13027789"
"Louis336047","Louis Long","33","male","3.41856921","47.71703309"
"Daniel209508","Daniel White","20","male","-47.45620153","66.66895318"
"Steven158479","Steven Williams","15","male","-1.08198024","-13.71255982"
"Anthony546519","Anthony Sanchez","54","male","-42.1915708","0.46255256"
"Kevin406877","Kevin Bailey","40","male","-23.52789895","101.02189719"
"Harry354195","Harry Price","35","male","-69.40803901","-91.96250412"
"Roger264090","Roger Brown","26","male","-46.04097246","-81.19520304"
"Fred279837","Fred Edwards","27","male","-30.84273005","39.17833716"
"Jeremy389458","Jeremy Allen","38","male","-45.07560425","19.35985877"
"Raymond217859","Raymond Collins","21","male","-60.55463969","31.18656605"
"Joshua294540","Joshua Jackson","29","male","8.38796721","-7.4385783"
"Edward313638","Edward Gonzalez","31","male","-28.44395837","-62.39861494"
"Carlos245656","Carlos Robinson","24","male","-36.20551618","72.55772082"
"Russell397783","Russell Scott","39","male","38.29719805","126.4764882"
"Albert592277","Albert Rivera","59","male","-78.38603027","-155.43359233"
"James534458","James King","53","male","2.95957259","-60.824225"
"Donald186253","Donald Mitchell","18","male","-71.082844","98.4870195"
"Timothy347460","Timothy Ross","34","male","-13.40150348","-167.27231007"
"Johnny374739","Johnny Henderson","37","male","42.47895263","58.67259511"
"Michael582280","Michael Hernandez","58","male","61.81066764","22.71070543"
"Christopher431686","Christopher Lee","43","male","34.49246167","99.24748848"
"Gary452637","Gary Martinez","45","male","28.68654099","120.0447101"
"Mark117439","Mark Patterson","11","male","-35.97490859","46.63091693"
"Chris308693","Chris Baker","30","male","-3.01077737","-42.37426833"
"Alan203895","Alan Watson","20","male","10.49738183","6.0860058"
"Walter553664","Walter Cox","55","male","20.07523645","-120.9652986"
"Carl447046","Carl Nelson","44","male","29.9902001","-174.6600581"
"Joseph149943","Joseph Taylor","14","male","-7.87892618","-38.52955365"
"Jonathan337259","Jonathan Simmons","33","male","-21.81282304","147.36528976"
"Benjamin323021","Benjamin Kelly","32","male","59.73458445","118.45252375"
"Billy428171","Billy Harris","42","male","-3.18229941","-161.08927059"
"Charles562057","Charles Miller","56","male","-1.72447232","-26.51442398"
"William511839","William Carter","51","male","-33.07550349","-27.89034986"
"George419730","George Sanders","41","male","60.02773595","95.84882083"
"Eric225000","Eric Clark","22","male","2.40239575","3.01452669"
"Jeffrey502172","Jeffrey Thompson","50","male","38.63067636","-52.78329046"
"Jose122693","Jose Reed","12","male","-68.90185094","12.61969876"
"Nicholas257178","Nicholas Johnson","25","male","9.30096151","65.12225027"
"Earl139012","Earl Perez","13","male","-37.14542966","85.30307195"
"Wayne602020","Wayne Hughes","60","male","-18.69309124","144.56898139"
"Samuel235768","Samuel Smith","23","male","-68.2236518","173.95312503"
"Jason367274","Jason Phillips","36","male","-2.44734829","-17.99736603"
"Roy163932","Roy Walker","16","male","45.18898927","-155.3496318"
"Matthew467286","Matthew Young","46","male","-50.91698808","121.65187532"
"Randy498045","Randy Foster","49","male","72.67412431","30.99375505"
"Phillip528250","Phillip Powell","52","male","58.41211305","-83.14363231"
"Brandon174759","Brandon Campbell","17","male","-27.61445991","-99.16584652"
"Justin579963","Justin Adams","57","male","-61.71525117","165.13650906"
"David473759","David Green","47","male","-21.25772441","123.61247853"
"Andrew193562","Andrew Murphy","19","male","18.82147521","-157.94314219"
"Bobby155549","Bobby Richardson","15","male","1.36762907","-140.22784659"
"Todd101333","Todd Brooks","10","male","24.32224973","147.85759637"
"Keith285889","Keith Flores","28","male","-37.90446493","131.03475989"
"Howard487735","Howard Torres","48","male","60.78465007","-137.67589118"
"Dennis277543","Dennis Jones","27","male","56.66485455","-29.7125836"
"Robert516790","Robert Parker","51","male","0.72808762","50.1277395"
"Henry588992","Henry Stewart","58","male","54.3111016","-101.01328767"
"Shawn238918","Shawn Peterson","23","male","-57.0009445","13.01345554"
"Bruce507871","Bruce Alexander","50","male","-4.91590131","24.09044576"
"Lawrence212306","Lawrence Wright","21","male","1.33340988","23.98570487"
"Clarence432864","Clarence Turner","43","male","-32.47826627","1.95416476"
"Aaron461276","Aaron Russell","46","male","-16.7308077","-77.39514617"
"Aaron595610","Aaron Gonzalez","59","male","-66.50513083","32.48235611"
"Samuel575845","Samuel Barnes","57","male","-61.34672354","16.35954433"
"Jack282994","Jack Scott","28","male","38.9325476","-156.97434754"
"Fred537899","Fred Garcia","53","male","-11.60826107","94.33503792"
"Craig391509","Craig White","39","male","-7.78831256","-75.54837887"
"Adam307077","Adam Collins","30","male","4.10723241","-166.94632139"
"Roger385414","Roger Butler","38","male","-63.59694336","35.2549909"
"Roy328728","Roy Wright","32","male","4.3690461","-160.55208422"
"Brian357067","Brian Alexander","35","male","3.94728954","-156.57269643"
"Jason492901","Jason Brown","49","male","64.42545535","-25.27828422"
"Chris291436","Chris Ramirez","29","male","46.96792281","-152.23237103"
"Shawn184186","Shawn Morgan","18","male","-42.75018534","10.86621919"
"Jeremy191261","Jeremy Parker","19","male","20.96244137","-20.56737626"
"Brandon365439","Brandon Lewis","36","male","-23.75990167","26.64865534"
"Lawrence441730","Lawrence Kelly","44","male","-69.36977932","-150.78286787"
"Ralph458402","Ralph Bryant","45","male","42.2996842","-153.81943001"
"Christopher471126","Christopher Richardson","47","male","19.73535696","-33.74034868"
"Patrick546486","Patrick Johnson","54","male","-37.72112577","-172.37276517"
"Jesse265228","Jesse Martin","26","male","38.15471824","-54.30148523"
"Jeffrey402636","Jeffrey Cooper","40","male","-13.89566506","-29.55689602"
"Gerald243796","Gerald Peterson","24","male","-37.09648775","58.64459462"
"Willie315015","Willie Miller","31","male","2.2875354","-80.28438148"
"Robert176038","Robert Sanders","17","male","19.33878545","101.59657812"
"Eric523718","Eric Sanchez","52","male","-18.10055808","-139.17942525"
"Billy609206","Billy Henderson","60","male","-44.72724928","71.52275992"
"Steve372438","Steve Powell","37","male","-35.26951573","-41.13439311"
"Michael252469","Michael Robinson","25","male","-19.02288277","98.73893842"
"George416655","George Martinez","41","male","59.50382524","157.12431075"
"Harold486572","Harold Cox","48","male","-1.14968025","-102.0793421"
"Justin555239","Justin Cook","55","male","0.16859827","66.98859333"
"Carl224473","Carl Nelson","22","male","-60.43241812","70.59818914"
"Douglas349555","Douglas Turner","34","male","9.87223917","19.07451394"
"Stephen561977","Stephen Thompson","56","male","5.43059185","6.96565221"
"Ernest162341","Ernest Thomas","16","male","0.46238759","104.96645749"
"Nicholas428102","Nicholas Lopez","42","male","6.01934565","139.2204044"
"Sean335164","Sean Jenkins","33","male","-51.79575241","126.86279679"
"Jonathan209446","Jonathan Torres","20","male","49.20637024","80.30572219"
"Thomas152912","Thomas King","15","male","-60.15022618","80.22488842"
"Peter545602","Peter Hall","54","male","26.39606787","7.58045098"
"Edward404326","Edward Hill","40","male","39.17883999","28.17044378"
"Timothy355161","Timothy Wood","35","male","29.18223044","163.25292858"
"Terry264730","Terry Williams","26","male","4.14868282","-14.92795563"
"Russell277471","Russell Wilson","27","male","10.27596696","-34.21887308"
"Paul385689","Paul Mitchell","38","male","-32.29039","165.22229971"
"Philip219827","Philip Carter","21","male","-9.40731234","-28.67398594"
"Ronald298824","Ronald Edwards","29","male","-41.70348298","-140.1807021"
"Carlos317935","Carlos Griffin","31","male","80.46017969","62.99022382"
"Johnny243234","Johnny Davis","24","male","6.36017004","-156.73251075"
"Albert398548","Albert Morris","39","male","37.35119466","-7.26826832"
"Larry596270","Larry Brooks","59","male","-58.18417532","-9.17462493"
"Gregory537189","Gregory Washington","53","male","67.60948313","-102.11880359"
"Donald181364","Donald Adams","18","male","29.50897776","-170.66134364"
"Dennis347640","Dennis Clark","34","male","-0.01898823","70.49712987"
"Juan378523","Juan Foster","37","male","-25.13884498","-120.89516187"
"Walter585920","Walter Gonzales","58","male","-38.3351612","-55.27099024"
"Joe432680","Joe Allen","43","male","-23.61258312","-165.21842666"
"James457358","James Phillips","45","male","71.23397462","173.51527666"
"Arthur119447","Arthur Patterson","11","male","25.18757154","25.20417278"
"Randy308924","Randy Rivera","30","male","-9.12573405","95.21476092"
"Bruce206475","Bruce Diaz","20","male","12.11496861","118.20334744"
"Benjamin557849","Benjamin Coleman","55","male","-1.57163783","42.72571222"
"Victor445765","Victor Anderson","44","male","25.66380373","-71.27477013"
"David143751","David Moore","14","male","-0.91763638","-29.78751114"
"Louis333708","Louis Long","33","male","-2.20647924","-24.02498659"
"Eugene326970","Eugene Price","32","male","-5.61211594","-92.81776933"
"Martin428652","Martin Murphy","42","male","19.23995098","-137.13556975"
"Steven564981","Steven Bennett","56","male","45.95558003","151.50488194"
"Henry516850","Henry Jones","51","male","47.54187734","-32.48173699"
"Joshua417716","Joshua Young","41","male","-5.1967884","-85.00428638"
"Scott223940","Scott Simmons","22","male","-37.13388515","21.93748664"
"Frank502520","Frank Reed","50","male","-31.79729233","177.04051557"
"Alan122427","Alan Evans","12","male","-1.37269566","61.04195032"
"Todd258069","Todd Walker","25","male","-60.28626995","-107.58601535"
"Wayne135442","Wayne Watson","13","male","31.65349177","126.58164785"
"William607623","William Jackson","60","male","15.74992346","-175.05445382"
"Jerry239979","Jerry Smith","23","male","-17.91036124","31.63934042"
"Jimmy363761","Jimmy Bell","36","male","3.70980473","66.20306494"
"Charles162787","Charles Ward","16","male","29.02279417","54.46867985"
"Phillip461645","Phillip James","46","male","23.61866014","-165.6154401"
"Jose494899","Jose Lee","49","male","-22.40320101","71.62884911"
"Clarence527116","Clarence Perry","52","male","-3.70830387","99.74025354"
"Mark178131","Mark Flores","17","male","-48.58689759","-131.94228704"
"Bobby577120","Bobby Ross","57","male","-68.45180526","-152.07126515"
"Andrew474192","Andrew Rogers","47","male","41.22826267","17.18813255"
"Gary198389","Gary Perez","19","male","-69.08254056","58.84168322"
"Daniel154023","Daniel Harris","15","male","9.95287681","-11.76712991"
"Earl105142","Earl Stewart","10","male","35.818388","58.54397578"
"Matthew283785","Matthew Hernandez","28","male","-8.02356654","-116.24242835"
"Harry488366","Harry Taylor","48","male","23.15226453","-150.70471332"
"Anthony275233","Anthony Hughes","27","male","66.46265691","95.77281293"
"Howard516580","Howard Green","51","male","-9.15189078","-111.41052732"
"Kenneth588636","Kenneth Bailey","58","male","71.2517646","-17.22381388"
"Richard231346","Richard Baker","23","male","-15.86397009","-79.63379991"
"Joseph504605","Joseph Gray","50","male","-39.43258588","-32.94078192"
"Kevin216813","Kevin Howard","21","male","28.93713309","15.45570945"
"Keith434757","Keith Russell","43","male","-65.54913603","-54.01542763"
"Ryan469186","Ryan Rodriguez","46","male","2.27996468","8.75215779"
"Raymond594720","Raymond Campbell","59","male","10.29553895","-52.91944694"
"John577809","John Roberts","57","male","-44.90925119","-171.04135803"
"Kathryn284538","Kathryn Howard","28","female","53.21593688","28.3771736"
"Tina535134","Tina Garcia","53","female","-66.31378937","-145.46356722"
"Sandra394494","Sandra Price","39","female","-59.34728362","145.1460347"
"Annie306095","Annie Diaz","30","female","-33.3285688","-21.37634194"
"Teresa389039","Teresa Murphy","38","female","24.87608109","-161.1779384"
"Cheryl328550","Cheryl Alexander","32","female","-17.48537046","121.18060105"
"Rose354206","Rose Brooks","35","female","-28.72246124","-3.86238704"
"Theresa493724","Theresa Ramirez","49","female","-4.2645824","-141.40715208"
"Jessica299736","Jessica Gonzalez","29","female","-83.76306683","139.99206562"
"Kathleen185718","Kathleen Parker","18","female","-6.0981911","-97.60882698"
"Alice199924","Alice Williams","19","female","11.02788356","-125.30976504"
"Melissa363816","Melissa Kelly","36","female","-45.5029557","6.96528875"
"Ashley449931","Ashley Cook","44","female","-61.38508152","42.69578693"
"Susan453701","Susan Reed","45","female","-2.2175197","130.01406451"
"Amanda471865","Amanda Miller","47","female","48.74226776","-52.33246909"
"Julia549819","Julia Torres","54","female","66.60623037","144.08196833"
"Kathy263128","Kathy Moore","26","female","-6.36332572","-141.62638912"
"Brenda401644","Brenda Rogers","40","female","-17.49424019","33.37077579"
"Diana248108","Diana Smith","24","female","41.85856094","-45.76283726"
"Jean312579","Jean Morgan","31","female","2.7094451","117.0109238"
"Sara175012","Sara Russell","17","female","-43.12558377","33.31903278"
"Sharon521509","Sharon Campbell","52","female","-67.89031643","23.63925721"
"Ruby607803","Ruby White","60","female","50.99237896","-166.3894431"
"Christina379597","Christina Cooper","37","female","-44.17123345","152.63407182"
"Ann257892","Ann Harris","25","female","-53.34563687","-139.08550718"
"Deborah414234","Deborah Simmons","41","female","-37.52439684","77.45380963"
"Rachel485208","Rachel Foster","48","female","78.26179838","131.00704272"
"Barbara555762","Barbara Richardson","55","female","-36.682905","-153.55995655"
"Shirley223966","Shirley Morris","22","female","-67.97496539","-26.43792561"
"Lisa343655","Lisa Thomas","34","female","41.37651949","157.12788983"
"Christine564769","Christine Rivera","56","female","39.28527967","90.75867699"
"Linda169135","Linda Henderson","16","female","-9.189114","71.88355259"
"Laura423009","Laura Sanders","42","female","-50.35350285","-159.90178237"
"Michelle339619","Michelle Baker","33","female","31.82572362","12.92160911"
"Julie206231","Julie Green","20","female","63.12069347","-85.39819673"
"Louise151970","Louise Turner","15","female","-51.14474058","92.99000617"
"Tammy548885","Tammy Collins","54","female","56.32194656","-174.24285445"
"Nicole401443","Nicole Powell","40","female","19.46523536","38.02373434"
"Stephanie358461","Stephanie Wilson","35","female","11.37871116","177.084368"
"Anna269455","Anna Bennett","26","female","-35.53826444","7.82294896"
"Kimberly279399","Kimberly James","27","female","14.74728091","124.05605138"
"Martha389681","Martha Coleman","38","female","36.36881184","-131.4016323"
"Bonnie214298","Bonnie Allen","21","female","80.33636281","98.71464536"
"Denise295216","Denise Long","29","female","66.84368024","-28.80335013"
"Joan319419","Joan Perry","31","female","-77.62873629","-154.33989245"
"Jacqueline242956","Jacqueline Watson","24","female","-27.22096866","-7.16192925"
"Carol393693","Carol Martin","39","female","-10.20326069","19.1585095"
"Doris595996","Doris Adams","59","female","-60.8872904","-51.34574157"
"Elizabeth534281","Elizabeth Peterson","53","female","51.7119202","179.17365106"
"Cynthia184750","Cynthia Ward","18","female","46.36118565","170.76081371"
"Ruth345388","Ruth Thompson","34","female","48.32639419","166.69627152"
"Catherine376792","Catherine Perez","37","female","-62.23172645","167.49934544"
"Lillian585518","Lillian Gonzales","58","female","51.20479063","47.47981991"
"Mildred436232","Mildred Carter","43","female","-37.65977039","-7.5154776"
"Janice458444","Janice Hughes","45","female","-16.60603948","57.26609288"
"Amy115536","Amy Bell","11","female","-9.65649338","2.48018659"
"Lori307680","Lori Wood","30","female","-48.66293326","52.3889767"
"Anne208748","Anne Anderson","20","female","38.93270407","-99.08174562"
"Evelyn559871","Evelyn Cox","55","female","65.68983002","27.96174231"
"Betty448192","Betty Nelson","44","female","-34.27655293","-30.06991631"
"Gloria144526","Gloria Stewart","14","female","-8.8389788","-51.48994977"
"Irene336292","Irene Jackson","33","female","-58.35712738","90.71727604"
"Rebecca322844","Rebecca Butler","32","female","-66.21403092","12.3123072"
"Dorothy427945","Dorothy Phillips","42","female","1.30692225","14.28779276"
"Janet563542","Janet Wright","56","female","22.64262048","163.70890037"
"Jennifer516752","Jennifer Ross","51","female","-54.69373839","-36.48608749"
"Donna415278","Donna Jones","41","female","-36.41274882","139.27569797"
"Judy226515","Judy Barnes","22","female","-39.59702958","159.95809686"
"Beverly504877","Beverly Robinson","50","female","-77.52617946","-23.80361232"
"Debra129688","Debra Scott","12","female","21.85774679","-17.77139192"
"Sarah259744","Sarah Gray","25","female","31.06081684","68.83859102"
"Angela134631","Angela Bailey","13","female","-25.39033327","-22.51723927"
"Lois607158","Lois Flores","60","female","-10.33920441","-119.70905442"
"Marilyn235470","Marilyn Bryant","23","female","29.87788862","31.14348362"
"Nancy366780","Nancy Griffin","36","female","58.00886447","-131.95830652"
"Phyllis167828","Phyllis Hernandez","16","female","-27.81039369","162.40424927"
"Helen464113","Helen Martinez","46","female","-57.74441409","71.05573155"
"Karen493013","Karen Walker","49","female","13.97596765","18.8760119"
"Frances525690","Frances King","52","female","-30.96048366","148.81792377"
"Virginia171350","Virginia Lopez","17","female","26.45419459","88.57966769"
"Wanda571578","Wanda Mitchell","57","female","-7.40227693","15.70468821"
"Maria477712","Maria Davis","47","female","-10.55734332","144.55549769"
"Kelly197780","Kelly Taylor","19","female","42.35737983","1.7422963"
"Norma155095","Norma Evans","15","female","47.32114876","-38.09533834"
"Emily105091","Emily Jenkins","10","female","44.60174685","-56.00120875"
"Heather283077","Heather Johnson","28","female","8.95151846","89.93899864"
"Andrea485053","Andrea Hall","48","female","42.03130799","146.80311519"
"Katherine276338","Katherine Patterson","27","female","-14.10712823","20.38784051"
"Judith516923","Judith Washington","51","female","44.83084015","-66.29533818"
"Patricia585664","Patricia Roberts","58","female","33.21250173","-107.75351944"
"Jane231347","Jane Lee","23","female","24.42993761","29.71668106"
"Paula504810","Paula Brown","50","female","15.78591382","151.44670608"
"Pamela211349","Pamela Young","21","female","-39.60819621","146.45138643"
"Marie432363","Marie Edwards","43","female","8.92850324","155.34143942"
"Carolyn464676","Carolyn Lewis","46","female","38.24967867","-99.94247467"
"Joyce591811","Joyce Clark","59","female","-5.88025737","74.74653792"
"Mary572125","Mary Rodriguez","57","female","60.31926018","-82.68742245"
"Diane282500","Diane Hill","28","female","-22.53034516","-76.13560174"
"Margaret533002","Margaret Sanchez","53","female","33.35011218","-177.42493151"
"Shirley397527","Shirley Butler","39","female","79.06240487","-159.74569667"
"Julia301118","Julia Foster","30","female","33.57590261","-26.36227829"
"Marilyn389776","Marilyn Bailey","38","female","-13.68584305","143.23339992"
"Katherine326737","Katherine Young","32","female","-73.7116665","18.9852938"
"Rebecca358665","Rebecca Rogers","35","female","-54.92273297","-94.26603235"
"Annie491140","Annie Mitchell","49","female","12.49588432","52.03311648"
"Lori292316","Lori Alexander","29","female","74.01751522","-131.05689303"
"Kathleen188690","Kathleen King","18","female","7.72758369","36.61459297"
"Sharon199038","Sharon Cook","19","female","-67.19049495","26.36187739"
"Theresa367153","Theresa Turner","36","female","50.46942939","-178.61786766"
"Carolyn448185","Carolyn Ward","44","female","-12.27846322","58.9232527"
"Jean452490","Jean Bell","45","female","1.45160079","-53.77152759"
"Heather477162","Heather Baker","47","female","-68.5103569","163.16337887"
"Teresa548291","Teresa Richardson","54","female","49.64833723","-179.34540142"
"Jacqueline264055","Jacqueline Lewis","26","female","-14.72222215","-58.84771329"
"Deborah401211","Deborah Hughes","40","female","-37.68758689","-56.92502578"
"Wanda248366","Wanda Cooper","24","female","2.8014106","157.73636537"
"Anne312084","Anne White","31","female","-9.63316578","147.53985762"
"Stephanie179357","Stephanie Watson","17","female","79.34525228","67.16932118"
"Donna524034","Donna Griffin","52","female","-9.41051174","74.13042762"
"Denise604423","Denise Kelly","60","female","1.3734355","112.06372693"
"Doris376096","Doris Patterson","37","female","2.50377546","-126.94175683"
"Angela251748","Angela Wilson","25","female","-4.0042814","-134.90932071"
"Melissa412153","Melissa Torres","41","female","-0.96748636","20.65448265"
"Sandra481333","Sandra Flores","48","female","15.26115511","6.9644754"
"Carol557273","Carol Scott","55","female","-2.7819229","133.33186409"
"Lois224920","Lois Hill","22","female","7.80026843","77.77238017"
"Christina341361","Christina Brown","34","female","62.51290456","116.79554703"
"Rachel565348","Rachel Cox","56","female","70.26651604","-152.83217827"
"Cynthia168487","Cynthia Sanchez","16","female","-36.98314802","-8.30121121"
"Ashley424625","Ashley Adams","42","female","-33.30748524","43.02144114"
"Ruby331946","Ruby Walker","33","female","-26.69859241","150.283715"
"Paula205097","Paula Johnson","20","female","-58.73774506","55.5389089"
"Jessica154498","Jessica Rodriguez","15","female","3.99695428","117.00285826"
"Bonnie549571","Bonnie Moore","54","female","47.52097287","-160.85065307"
"Mary401236","Mary Reed","40","female","61.440089","99.26078502"
"Tina351717","Tina Brooks","35","female","-64.83110757","131.73919269"
"Catherine261785","Catherine Martinez","26","female","-3.78824809","47.46123075"
"Patricia272454","Patricia Parker","27","female","-3.76494116","-113.81501806"
"Joyce385491","Joyce Diaz","38","female","48.56182831","-41.18917331"
"Laura214370","Laura Morris","21","female","-28.11423659","30.40124444"
"Jane295223","Jane Gonzales","29","female","-37.5765795","138.57037273"
"Nicole312193","Nicole Green","31","female","61.88075737","31.9547852"
"Maria243401","Maria Clark","24","female","-13.42629882","-139.92890042"
"Karen399559","Karen Coleman","39","female","-67.58394607","-93.62645668"
"Rose591512","Rose Jones","59","female","-11.50183972","173.74789558"
"Elizabeth534147","Elizabeth Phillips","53","female","-36.73891575","40.60367933"
"Alice184395","Alice Hall","18","female","5.11142746","-116.30250041"
"Pamela346118","Pamela Edwards","34","female","-11.41384673","-87.74847427"
"Ann371637","Ann Murphy","37","female","27.37888998","-32.45716996"
"Brenda582927","Brenda Russell","58","female","-11.23223207","16.18193152"
"Debra437849","Debra James","43","female","13.38264708","19.93588426"
"Andrea452141","Andrea Allen","45","female","40.61097863","73.22610633"
"Amy113338","Amy Henderson","11","female","-69.3172068","101.75324979"
"Dorothy306702","Dorothy Bennett","30","female","-16.41755802","-36.71361836"
"Julie207716","Julie Washington","20","female","25.05134585","-143.18637226"
"Louise551262","Louise Smith","55","female","-15.44801513","-102.12251144"
"Diane444771","Diane Miller","44","female","40.8019899","105.40627467"
"Marie147977","Marie Carter","14","female","-4.1238016","136.43767361"
"Sara334088","Sara Long","33","female","8.41856924","114.7183677"
"Margaret327088","Margaret Thomas","32","female","-45.46841359","-152.05419996"
"Ruth425755","Ruth Nelson","42","female","-46.25014855","-75.449877"
"Janet561185","Janet Price","56","female","-59.97016382","140.23003706"
"Kathy516602","Kathy Collins","51","female","-0.48470027","159.70774298"
"Sarah419645","Sarah Stewart","41","female","-33.81987324","12.24615945"
"Irene227946","Irene Bryant","22","female","-12.11915551","99.81591215"
"Diana507672","Diana Simmons","50","female","64.06006853","-115.42053441"
"Lillian129180","Lillian Williams","12","female","-24.28964621","93.97143943"
"Lisa259933","Lisa Perez","25","female","50.00048687","-133.17396314"
"Evelyn132372","Evelyn Jenkins","13","female","28.79838712","-53.43768944"
"Cheryl607292","Cheryl Martin","60","female","-34.6582595","-134.53112444"
"Helen234206","Helen Ross","23","female","-9.11481054","-135.6417036"
"Judith365346","Judith Peterson","36","female","-29.41406896","-85.12407037"
"Nancy166108","Nancy Morgan","16","female","39.08540805","-165.6702679"
"Gloria461677","Gloria Wood","46","female","32.09759227","91.75028377"
"Virginia498612","Virginia Ramirez","49","female","-24.65505608","129.97772353"
"Kelly524958","Kelly Taylor","52","female","37.14434911","69.91234678"
"Beverly176544","Beverly Gray","17","female","39.69132032","-86.240587"
"Jennifer577434","Jennifer Howard","57","female","56.01279877","-72.68478182"
"Emily471918","Emily Thompson","47","female","5.79667887","117.02236943"
"Michelle191065","Michelle Gonzalez","19","female","-34.38896948","-128.35122451"
"Martha153682","Martha Sanders","15","female","-7.03865154","146.78999008"
"Barbara101262","Barbara Harris","10","female","65.46242097","43.33885103"
"Susan285394","Susan Wright","28","female","56.60454968","-26.31556519"
"Linda489600","Linda Davis","48","female","6.77634744","174.08940148"
"Phyllis271080","Phyllis Hernandez","27","female","29.18199771","-59.33024347"
"Kimberly515434","Kimberly Rivera","51","female","-68.97988957","72.84146598"
"Mildred584785","Mildred Robinson","58","female","-12.27737869","-38.56903611"
"Tammy232530","Tammy Powell","23","female","30.572677","0.22141563"
"Frances509210","Frances Evans","50","female","34.8956397","56.39774014"
"Anna218244","Anna Garcia","21","female","21.00431086","-51.86783315"
"Judy436774","Judy Campbell","43","female","-8.0858384","-130.97039774"
"Amanda462209","Amanda Lee","46","female","49.21954278","102.41760348"
"Joan595581","Joan Barnes","59","female","8.90836414","-52.76019473"
"Norma577690","Norma Lopez","57","female","6.87542638","162.98607452"
"Kathryn284951","Kathryn Anderson","28","female","-46.80739224","-39.93489352"
"Christine536997","Christine Perry","53","female","20.53245978","-168.44132895"
"Betty396892","Betty Jackson","39","female","75.7039622","-103.01890538"
"Janice304478","Janice Roberts","30","female","15.74919463","-86.11587824"
"Tina389697","Tina Nelson","38","female","29.08733031","159.81284424"
"Margaret322729","Margaret Stewart","32","female","-51.88325097","156.26657024"
"Lori353396","Lori Murphy","35","female","-51.7256761","-169.10898324"
"Sarah495673","Sarah Howard","49","female","-69.13639193","8.10748496"
"Angela291360","Angela Carter","29","female","37.04296444","-14.64016095"
"Maria189006","Maria Collins","18","female","15.90353939","-82.81471936"
"Anne195569","Anne Diaz","19","female","-6.35003286","-53.70333911"
"Brenda368010","Brenda Peterson","36","female","-29.66977145","10.00853625"
"Marilyn443562","Marilyn Martinez","44","female","-24.4676449","89.34136372"
"Cynthia457818","Cynthia Davis","45","female","-12.93068436","-140.96338124"
"Lois475848","Lois Mitchell","47","female","40.97722793","-58.25689975"
"Diane548782","Diane Griffin","54","female","46.45069578","-24.67342742"
"Laura263985","Laura Baker","26","female","43.134144","68.51489996"
"Judy408219","Judy Anderson","40","female","-6.42140718","82.28418396"
"Ashley244106","Ashley Garcia","24","female","-27.06634593","130.80259596"
"Shirley316160","Shirley Hall","31","female","-22.10020467","144.20347835"
"Theresa171834","Theresa Hill","17","female","20.49874834","-147.35787387"
"Rebecca523908","Rebecca Harris","52","female","50.11199762","-23.10575555"
"Paula607397","Paula Ward","60","female","-26.85955148","62.3933209"
"Michelle372198","Michelle Martin","37","female","61.86753583","-118.53288223"
"Wanda257128","Wanda White","25","female","38.53920169","119.35999334"
"Susan419292","Susan Clark","41","female","-18.32879963","-100.79369046"
"Rachel487254","Rachel Powell","48","female","-30.86719736","-89.99261777"
"Mildred557078","Mildred Cox","55","female","-42.19135439","-28.39955444"
"Sandra222182","Sandra Young","22","female","62.87257555","96.53952853"
"Kelly349463","Kelly Lopez","34","female","50.6213542","79.35556466"
"Jane565338","Jane Hernandez","56","female","-7.51125397","-23.17961046"
"Donna163703","Donna Walker","16","female","-56.51635266","40.25608757"
"Nancy421906","Nancy Miller","42","female","-6.16030267","147.61858677"
"Christine336005","Christine Perry","33","female","-67.25363207","-85.7228426"
"Linda206538","Linda Barnes","20","female","31.12196367","-33.70566273"
"Tammy159240","Tammy Johnson","15","female","38.82829521","90.86702751"
"Joyce549899","Joyce Ross","54","female","-61.67663847","148.99762272"
"Dorothy405300","Dorothy Brown","40","female","-36.4560361","-69.91981735"
"Anna355869","Anna Bell","35","female","60.85404456","91.17385444"
"Cheryl267289","Cheryl Edwards","26","female","-13.07951461","52.71670693"
"Louise275517","Louise Wilson","27","female","28.5439734","-14.42511744"
"Kathy385575","Kathy Perez","38","female","-1.2809507","-54.50212656"
"Denise219624","Denise Smith","21","female","17.13061918","-17.04630341"
"Julie293014","Julie Ramirez","29","female","51.58280703","-42.21919171"
"Rose314105","Rose Jenkins","31","female","-47.8994563","-154.33855409"
"Sara242909","Sara Reed","24","female","-22.95567888","114.31571404"
"Irene392397","Irene Wood","39","female","55.09684886","167.03120025"
"Teresa599607","Teresa Cook","59","female","4.66230738","-45.34090645"
"Bonnie537549","Bonnie Wright","53","female","59.17882208","117.57308213"
"Ruby185591","Ruby Hughes","18","female","4.96395555","-58.54126029"
"Betty344243","Betty Parker","34","female","-31.62697103","-115.13418655"
"Pamela379596","Pamela Campbell","37","female","8.25889933","172.28820372"
"Ann586122","Ann Richardson","58","female","-63.32968951","4.45132695"
"Kathryn438659","Kathryn Long","43","female","-27.27826415","-44.42772439"
"Deborah452932","Deborah Russell","45","female","-73.91163941","-123.95593413"
"Jessica111012","Jessica Lee","11","female","-62.86780522","39.50859999"
"Alice304022","Alice Gray","30","female","-31.71616903","-1.03156432"
"Heather206039","Heather Williams","20","female","-21.32903356","165.57237827"
"Beverly554738","Beverly Thompson","55","female","-43.81939421","4.14312514"
"Nicole448565","Nicole Turner","44","female","-45.87786057","-175.39017779"
"Elizabeth146349","Elizabeth Patterson","14","female","-47.56104146","-158.18345081"
"Sharon332877","Sharon Butler","33","female","-7.27440665","28.48330011"
"Patricia325636","Patricia Taylor","32","female","-25.76351196","40.54169677"
"Doris422098","Doris Jones","42","female","36.48994672","128.20463742"
"Norma562034","Norma Price","56","female","-30.10912716","-135.32870043"
"Virginia516919","Virginia Flores","51","female","-31.34554947","28.44033019"
"Annie418403","Annie Phillips","41","female","38.67019233","-100.68784453"
"Stephanie224662","Stephanie James","22","female","-19.32521798","-144.76892929"
"Janet504954","Janet Bennett","50","female","-60.66945818","-122.11740577"
"Kimberly129192","Kimberly Gonzalez","12","female","49.9152143","83.24838246"
"Barbara256236","Barbara King","25","female","-51.52678904","43.31557299"
"Phyllis132217","Phyllis Foster","13","female","-15.67677521","160.69978933"
"Andrea601064","Andrea Washington","60","female","-22.78904904","-173.18540061"
"Evelyn236173","Evelyn Rodriguez","23","female","-33.9075347","73.39545077"
"Carol362550","Carol Rivera","36","female","-32.05285851","-167.44458583"
"Frances164782","Frances Brooks","16","female","-6.57587912","-84.12585726"
"Emily467043","Emily Lewis","46","female","0.57706922","-34.79006323"
"Judith496668","Judith Cooper","49","female","4.22748604","148.1093877"
"Catherine527582","Catherine Allen","52","female","12.06944125","-126.21492534"
"Julia177137","Julia Roberts","17","female","31.0824112","100.33524663"
"Melissa571769","Melissa Morris","57","female","-49.25442094","83.81574468"
"Diana472910","Diana Gonzales","47","female","76.45575859","166.99076776"
"Jacqueline197905","Jacqueline Kelly","19","female","56.74413444","-114.04237991"
"Carolyn152714","Carolyn Sanders","15","female","14.45196745","117.91343885"
"Lisa108008","Lisa Alexander","10","female","73.31080334","-136.48293732"
"Karen283937","Karen Henderson","28","female","-30.42500497","6.420496"
"Amanda484853","Amanda Bryant","48","female","-1.89156815","-41.79223605"
"Martha275153","Martha Thomas","27","female","-38.4674189","56.49993205"
"Kathleen515482","Kathleen Scott","51","female","10.77922321","9.86493029"
"Debra585619","Debra Robinson","58","female","27.45976646","109.71432019"
"Janice237425","Janice Simmons","23","female","3.82181622","-117.98147887"
"Amy501623","Amy Green","50","female","-65.67179748","-141.05884644"
"Marie211485","Marie Torres","21","female","39.98185199","139.47680616"
"Katherine431973","Katherine Watson","43","female","-30.67421457","140.09988408"
"Jean463427","Jean Rogers","46","female","11.17878308","-126.77214743"
"Gloria591981","Gloria Bailey","59","female","14.27841484","-129.13349794"
"Mary574804","Mary Moore","57","female","11.52670402","-112.13164543"
"Helen283001","Helen Morgan","28","female","10.94444194","17.71176502"
"Christina534500","Christina Sanchez","53","female","-25.21867653","102.49387729"
"Lillian394846","Lillian Jackson","39","female","-64.31881131","65.3365127"
"Jennifer304489","Jennifer Evans","30","female","37.90421881","0.51345227"
"Joan382413","Joan Adams","38","female","-17.0797179","-101.39793354"
"Ruth323940","Ruth Coleman","32","female","-11.02250358","-113.26556521"
"Lisa355169","Lisa Long","35","female","-46.45729798","-2.73276026"
"Phyllis497974","Phyllis Brown","49","female","-38.76827557","70.50826827"
"Cheryl299680","Cheryl Baker","29","female","83.14841106","94.79051565"
"Kathy183610","Kathy King","18","female","-35.71499073","43.73656209"
"Joan197623","Joan Bailey","19","female","-61.83396298","19.97338274"
"Andrea364185","Andrea Murphy","36","female","-18.30933006","-163.80992186"
"Alice447909","Alice Butler","44","female","-12.06945932","95.01541675"
"Margaret451931","Margaret Rivera","45","female","19.58032638","-119.87953036"
"Jean474107","Jean Hernandez","47","female","-52.8316222","127.62538341"
"Tina543773","Tina Sanders","54","female","-40.90345789","-25.17328303"
"Martha263882","Martha Morris","26","female","-50.47921005","9.3425139"
"Rebecca402618","Rebecca Brooks","40","female","-62.09794377","162.49178559"
"Nancy249492","Nancy Jenkins","24","female","11.63456228","17.70701321"
"Doris315888","Doris Scott","31","female","-2.88456607","-12.31634014"
"Laura176373","Laura Richardson","17","female","60.95569643","71.05501456"
"Lois522389","Lois Young","52","female","38.55525938","131.57948392"
"Nicole605160","Nicole Johnson","60","female","6.3429481","83.30825602"
"Ashley379443","Ashley Martinez","37","female","32.2117991","167.27411271"
"Theresa251432","Theresa Anderson","25","female","-22.80239901","123.67235938"
"Amanda414889","Amanda Evans","41","female","14.55493516","64.63305961"
"Sharon485389","Sharon Bennett","48","female","30.99317417","112.54162801"
"Ruby555315","Ruby Ramirez","55","female","-0.51200569","-135.71017875"
"Marie225523","Marie Griffin","22","female","-53.66485278","-36.24253603"
"Helen344980","Helen Collins","34","female","34.64274808","177.94301148"
"Pamela567564","Pamela Thomas","56","female","-56.10578032","101.14799264"
"Brenda161988","Brenda Flores","16","female","35.68922286","-100.10351846"
"Judy428045","Judy Hall","42","female","11.07488178","132.49965299"
"Amy336457","Amy Alexander","33","female","-0.86865232","-16.28705356"
"Julia207969","Julia Lopez","20","female","56.37832058","148.72093788"
"Lori155874","Lori Cooper","15","female","-38.23024309","131.78258767"
"Anne547271","Anne Coleman","54","female","15.08809811","55.36377059"
"Katherine402895","Katherine Patterson","40","female","-2.40032535","81.43366683"
"Barbara359184","Barbara Roberts","35","female","-50.71469101","-40.26365681"
"Annie264100","Annie Rodriguez","26","female","-3.2857005","-152.94676887"
"Gloria279602","Gloria Wood","27","female","21.14361764","-149.41149857"
"Melissa384976","Melissa Nelson","38","female","-37.90247972","-145.99285072"
"Irene215666","Irene Howard","21","female","40.79977277","-88.30671451"
"Frances292087","Frances Gonzales","29","female","-58.5859704","-152.82528866"
"Teresa314783","Teresa Green","31","female","56.11346659","101.094882"
"Tammy242013","Tammy Cook","24","female","-5.51842895","-28.04473099"
"Evelyn397972","Evelyn Garcia","39","female","-33.36207403","159.78059469"
"Janice593478","Janice Davis","59","female","55.00666238","-97.26204824"
"Bonnie533572","Bonnie Parker","53","female","-34.17843671","-122.71400642"
"Carolyn186121","Carolyn Hughes","18","female","63.50282818","-23.13780183"
"Sandra348349","Sandra Rogers","34","female","44.58448403","-106.46385184"
"Kelly374940","Kelly Adams","37","female","-2.39312964","-166.94658443"
"Rachel583746","Rachel Henderson","58","female","-17.79087871","141.18460464"
"Marilyn437063","Marilyn Bell","43","female","5.80849409","171.27296186"
"Janet453267","Janet Turner","45","female","55.21915774","-161.73457635"
"Angela114192","Angela Phillips","11","female","33.99471362","-176.90640858"
"Elizabeth301063","Elizabeth Peterson","30","female","-11.30410389","140.2299419"
"Louise208851","Louise James","20","female","-51.57103033","-101.909433"
"Denise552687","Denise Moore","55","female","-21.27232998","-18.59962169"
"Karen447438","Karen Gray","44","female","52.9610553","141.71905817"
"Anna141238","Anna Taylor","14","female","-18.28563837","27.51901435"
"Sara331661","Sara Jones","33","female","-48.53932215","-68.56159942"
"Betty325043","Betty Simmons","32","female","-37.17310714","-66.54683599"
"Ann423314","Ann Allen","42","female","13.36740743","20.93991085"
"Donna564695","Donna Foster","56","female","19.5175661","-49.24864757"
"Dorothy512559","Dorothy Williams","51","female","-21.72030986","-65.96998816"
"Heather414204","Heather Thompson","41","female","16.78568985","165.64543598"
"Ruth224717","Ruth Harris","22","female","59.46825038","171.0205699"
"Judith503341","Judith Ross","50","female","-19.83471895","-110.9749213"
"Emily125408","Emily Perez","12","female","12.41194142","-58.83123246"
"Jennifer255870","Jennifer Robinson","25","female","60.56476343","110.82646424"
"Debra139574","Debra Mitchell","13","female","-5.12403782","169.31057356"
"Jane604675","Jane Jackson","60","female","-65.76187878","-113.30464307"
"Deborah239655","Deborah Wilson","23","female","6.04242419","-104.97995812"
"Linda362169","Linda Morgan","36","female","-17.9117374","84.15392597"
"Carol165269","Carol Lee","16","female","4.77478876","137.26570939"
"Shirley469469","Shirley Reed","46","female","-52.82172145","116.95640534"
"Patricia498203","Patricia Diaz","49","female","-48.79365559","-93.74846837"
"Lillian525162","Lillian White","52","female","-2.44574105","102.83366999"
"Cynthia174332","Cynthia Smith","17","female","26.23678299","-162.2264464"
"Kathryn577883","Kathryn Sanchez","57","female","54.91711758","-90.80581418"
"Kathleen472530","Kathleen Edwards","47","female","30.0382374","23.66339022"
"Diane195922","Diane Ward","19","female","4.99986736","-33.04756528"
"Norma154763","Norma Hill","15","female","4.78225041","-145.30777454"
"Maria101009","Maria Russell","10","female","1.99443554","-86.07188509"
"Jacqueline285308","Jacqueline Bryant","28","female","10.55322119","114.49930983"
"Catherine483213","Catherine Clark","48","female","-32.52721673","44.17166217"
"Stephanie274456","Stephanie Perry","27","female","-25.8636934","-36.92947283"
"Beverly516419","Beverly Wright","51","female","8.82693721","-171.64493379"
"Virginia586132","Virginia Gonzalez","58","female","-5.71578573","-52.1940793"
"Sarah238287","Sarah Walker","23","female","-1.72783402","-95.50548604"
"Kimberly504638","Kimberly Martin","50","female","-40.04774666","-1.17274232"
"Paula216422","Paula Stewart","21","female","11.24895218","160.27687558"
"Mildred437424","Mildred Barnes","43","female","36.16190001","-119.85279311"
"Susan464665","Susan Kelly","46","female","7.20625998","39.86084921"
"Rose593230","Rose Price","59","female","-26.63371738","-165.82306637"
"Joyce578956","Joyce Powell","57","female","10.07420787","-144.76733851"
"Christine287713","Christine Carter","28","female","-16.60647336","-10.92398355"
"Michelle533918","Michelle Lewis","53","female","-50.96612185","-100.76152516"
"Wanda391851","Wanda Watson","39","female","49.94628184","-173.65108272"
"Julie309332","Julie Washington","30","female","0.98679365","-47.61259422"
"Jessica383557","Jessica Cox","38","female","-35.0838219","-19.70526241"
"Christina324263","Christina Campbell","32","female","-8.47371204","24.42657326"
"Diana359457","Diana Torres","35","female","6.21783322","-58.43238065"
"Mary499064","Mary Miller","49","female","15.24917172","121.23867673"
"Lois294129","Lois Flores","29","female","-50.36095096","-140.36917059"
"Sandra182137","Sandra Russell","18","female","-25.16558237","178.29096342"
"Cynthia193476","Cynthia Henderson","19","female","-14.37743471","68.55767041"
"Mary363779","Mary Mitchell","36","female","37.35065514","133.38360728"
"Lisa448769","Lisa Moore","44","female","26.04537","-99.74717927"
"Kathryn456107","Kathryn Wood","45","female","35.45956058","153.76664592"
"Ruth473314","Ruth Richardson","47","female","6.90408037","52.24276764"
"Pamela549740","Pamela Rogers","54","female","42.14496182","-13.81323812"
"Diane268517","Diane Gonzales","26","female","-13.03944806","45.32041642"
"Annie408718","Annie Clark","40","female","-16.34684715","17.01473312"
"Julia242564","Julia Brooks","24","female","-64.53074642","-167.88792337"
"Catherine317110","Catherine Phillips","31","female","-26.96270485","150.43657277"
"Norma176048","Norma White","17","female","74.38732566","5.09428052"
"Nicole529310","Nicole Butler","52","female","5.29746222","-138.83729914"
"Paula601329","Paula Taylor","60","female","-11.78353905","-157.38116094"
"Patricia372295","Patricia Rivera","37","female","-25.67162471","42.37456644"
"Andrea259190","Andrea Harris","25","female","12.09376461","178.92906686"
"Wanda414976","Wanda Jones","41","female","-14.06275602","99.03593169"
"Mildred487838","Mildred Cook","48","female","-5.4241854","43.68981636"
"Laura555139","Laura Hughes","55","female","45.04726432","-141.11918602"
"Joyce222413","Joyce Bryant","22","female","-28.69311488","173.24981095"
"Kathy343306","Kathy Turner","34","female","-14.79022979","15.98874887"
"Rachel566579","Rachel Stewart","56","female","-66.6889258","54.61100153"
"Dorothy167501","Dorothy Hernandez","16","female","-30.14074212","97.2399548"
"Christina425902","Christina Sanders","42","female","68.69774454","-117.89551119"
"Carolyn332341","Carolyn Brown","33","female","27.5330451","59.36130498"
"Theresa207260","Theresa Walker","20","female","54.9190834","-122.98602582"
"Ann157392","Ann Adams","15","female","-8.17904891","30.24996503"
"Teresa544818","Teresa Diaz","54","female","-19.62874075","177.20642534"
"Anna404418","Anna Torres","40","female","14.0680984","-133.4303368"
"Diana351971","Diana Perez","35","female","-55.31867032","-177.34193746"
"Carol264337","Carol Wilson","26","female","-57.50161789","110.22290261"
"Judy274561","Judy Smith","27","female","5.25243993","98.40180822"
"Elizabeth384045","Elizabeth Simmons","38","female","-14.71612705","-148.95833091"
"Bonnie212408","Bonnie Ward","21","female","-12.35860442","-15.18578265"
"Jennifer298631","Jennifer Martin","29","female","61.20981487","-118.80341606"
"Susan317808","Susan Scott","31","female","-40.20817881","-46.98967436"
"Ashley243339","Ashley Johnson","24","female","-11.95717472","18.26630908"
"Doris397374","Doris Long","39","female","47.86647554","152.80507761"
"Tammy595903","Tammy Barnes","59","female","-8.82068314","-21.1608639"
"Irene533797","Irene Hill","53","female","-66.02707894","-123.58571054"
"Brenda187538","Brenda Morgan","18","female","31.13413102","158.08956685"
"Sharon342314","Sharon Thompson","34","female","-61.36180271","-33.01238855"
"Kelly376602","Kelly Powell","37","female","-44.69538353","27.08490751"
"Jean589757","Jean Washington","58","female","52.14133068","-83.66616197"
"Barbara435307","Barbara Thomas","43","female","34.18553612","-137.79567762"
"Evelyn451512","Evelyn James","45","female","8.74940215","-5.67073902"
"Emily119633","Emily Foster","11","female","23.9025613","-130.22171338"
"Phyllis303052","Phyllis Evans","30","female","-37.52798889","-106.15262639"
"Denise204894","Denise Gonzalez","20","female","48.67305085","-26.08831608"
"Ruby551290","Ruby Parker","55","female","-44.24975809","124.12584391"
"Lori449937","Lori Baker","44","female","32.83055661","156.2864833"
"Donna144608","Donna King","14","female","45.22881102","-24.0054757"
"Stephanie339590","Stephanie Reed","33","female","34.69515187","-147.44309928"
"Jessica324517","Jessica Jackson","32","female","28.59919218","-31.77832536"
"Helen421334","Helen Kelly","42","female","-36.57190317","-64.33578685"
"Lillian561449","Lillian Murphy","56","female","-20.5847452","-162.85503853"
"Marilyn518713","Marilyn Coleman","51","female","-66.17654444","-175.92235262"
"Joan414013","Joan Bell","41","female","36.58213669","49.39068249"
"Linda226848","Linda Anderson","22","female","1.33000229","-48.88555157"
"Martha508176","Martha Martinez","50","female","-79.63937352","-155.35874277"
"Deborah124838","Deborah Young","12","female","-30.83920433","108.53451338"
"Nancy253569","Nancy Peterson","25","female","-51.4874285","-164.48999469"
"Margaret139843","Margaret Cox","13","female","27.53768895","-93.21508108"
"Beverly603780","Beverly Bennett","60","female","48.2439417","122.85865464"
"Melissa236915","Melissa Roberts","23","female","63.86117132","-140.45982125"
"Anne366238","Anne Rodriguez","36","female","13.64609179","-42.6808256"
"Michelle169340","Michelle Wright","16","female","32.18140425","-44.67141886"
"Maria462653","Maria Price","46","female","28.38049671","-85.67127405"
"Cheryl491810","Cheryl Patterson","49","female","21.21866792","-178.19573459"
"Debra525535","Debra Watson","52","female","-4.31912721","19.04462234"
"Christine173770","Christine Green","17","female","36.89360274","-21.74262314"
"Tina578952","Tina Jenkins","57","female","-36.64538818","-23.65348792"
"Frances475535","Frances Alexander","47","female","23.52972598","168.26719695"
"Jane197275","Jane Davis","19","female","68.63382772","43.67508908"
"Amanda153616","Amanda Collins","15","female","26.48090694","-100.95868124"
"Shirley104829","Shirley Edwards","10","female","1.58398701","-139.25812246"
"Rebecca285227","Rebecca Howard","28","female","-3.96940749","161.37786119"
"Rose487297","Rose Lee","48","female","18.3837095","151.47696635"
"Louise279112","Louise Ross","27","female","-54.54092525","83.01429045"
"Marie515225","Marie Ramirez","51","female","-40.80086147","-38.54242313"
"Sara581049","Sara Nelson","58","female","15.91851173","-29.90607266"
"Katherine237687","Katherine Williams","23","female","22.08004343","-89.05285443"
"Virginia507694","Virginia Griffin","50","female","15.99894085","-165.00584068"
"Alice211424","Alice Lopez","21","female","43.716193","-109.13463511"
"Jacqueline431293","Jacqueline Allen","43","female","23.82540354","170.93321786"
"Kimberly466012","Kimberly Cooper","46","female","-32.18369769","-120.95970289"
"Amy598540","Amy Miller","59","female","-56.91409687","179.94309716"
"Sarah579324","Sarah Perry","57","female","-58.90751243","91.99817274"
"Betty283859","Betty Carter","28","female","25.19173328","-91.43070371"
"Gloria531777","Gloria Gray","53","female","-39.9061043","-32.08680969"
"Julie398437","Julie Sanchez","39","female","40.5533549","-123.15549675"
"Janet303248","Janet Bailey","30","female","73.32576505","-133.48187353"
"Kathleen388946","Kathleen Hall","38","female","-30.70239407","-133.98255069"
"Janice329483","Janice Lewis","32","female","27.5916031","116.56738927"
"Angela353245","Angela Garcia","35","female","14.01959848","11.94079614"
"Karen495196","Karen Robinson","49","female","5.1313251","-89.42078317"
"Judith291853","Judith Campbell","29","female","-6.60123113","35.35878477"
"Heather187776","Heather Morris","18","female","-1.3635412","114.48886302"
"Yon191252","Yon Ebert","19","female","19.01020016","-93.15660406"
"Keeley368342","Keeley Valerio","36","female","-15.58681177","-155.55615599"
"Sharri446614","Sharri Mejia","44","female","48.20638099","79.88154964"
"Halina452384","Halina Nesmith","45","female","7.22596523","-31.55425293"
"Jerrica476906","Jerrica Fagan","47","female","-52.1645097","106.61912412"
"Jennette544252","Jennette Ritchie","54","female","20.18710062","-99.98389776"
"Jeanelle265789","Jeanelle Grace","26","female","-3.64886658","-98.29893319"
"Maryetta401689","Maryetta Milton","40","female","49.21092332","-70.26930303"
"Silvana243632","Silvana Cameron","24","female","54.6494436","-45.54336687"
"Loida314347","Loida Tarver","31","female","55.91221526","163.22896588"
